season,date,opponent,home,result,always_win,repeat_last,season_form,vegas,rule_28_10,lr_lattice,nn_lattice,nn_sequence,nn_conventional,nn_all
2004,2004-09-12,NO,0.3953,W,0.5000,0.5663,0.4503,0.5949,,0.4458,0.4152,0.2923,0.4224,0.3484
2004,2004-09-19,TB,0.3953,W,0.5000,0.4337,0.4085,0.6112,,0.4750,0.5126,0.5668,0.4313,0.4786
2004,2004-09-26,SF,0.6047,W,0.5000,0.4337,0.3812,0.8033,,0.4724,0.3836,0.5485,0.6069,0.5741
2004,2004-10-10,LA,0.6047,L,0.5000,0.4337,0.3622,0.7566,,0.4497,0.4041,0.3429,0.6075,0.4921
2004,2004-10-17,NE,0.3953,L,0.5000,0.5663,0.4092,0.3932,,0.5661,0.6239,0.5060,0.4233,0.6046
2004,2004-10-24,ARI,0.3953,L,0.5000,0.5663,0.4470,0.7170,,0.5902,0.6744,0.5219,0.4410,0.6607
2004,2004-10-31,CAR,0.6047,W,0.5000,0.5663,0.4777,0.7566,,0.5364,0.5698,0.4509,0.6185,0.6133
2004,2004-11-07,SF,0.3953,W,0.5000,0.4337,0.4558,0.7306,,0.5256,0.5607,0.5183,0.4461,0.5842
2004,2004-11-14,LA,0.3953,L,0.5000,0.4337,0.4378,0.5949,,0.4355,0.4050,0.4161,0.4340,0.4122
2004,2004-11-21,MIA,0.6047,W,0.5000,0.5663,0.4620,0.7923,,0.4477,0.4163,0.4485,0.6280,0.4916
2004,2004-11-28,BUF,0.6047,L,0.5000,0.4337,0.4460,0.6431,,0.3892,0.2844,0.5076,0.6210,0.4061
2004,2004-12-06,DAL,0.6047,L,0.5000,0.5663,0.4665,0.7306,,0.5583,0.6175,0.5727,0.5804,0.7507
2004,2004-12-12,MIN,0.3953,W,0.5000,0.5663,0.4845,0.3009,,0.4675,0.4278,0.3493,0.4275,0.3736
2004,2004-12-19,NYJ,0.3953,L,0.5000,0.4337,0.4700,0.3009,,0.5173,0.5686,0.6107,0.4308,0.5949
2004,2004-12-26,ARI,0.6047,W,0.5000,0.5663,0.4858,0.7306,,0.5352,0.5804,0.4870,0.6217,0.5793
2004,2005-01-02,ATL,0.6047,W,0.5000,0.4337,0.4727,0.6885,,0.3637,0.2497,0.3253,0.6301,0.3128
2004,2005-01-08,LA,0.6047,L,0.5000,0.4337,0.4609,0.6431,,0.5595,0.6161,0.6566,0.5041,0.4184
2005,2005-09-11,JAX,0.4118,L,0.5050,0.5700,0.4959,0.4026,,0.5486,0.5344,0.4815,0.4300,0.4386
2005,2005-09-18,ATL,0.5962,W,0.5050,0.5700,0.5472,0.5218,,0.4435,0.4709,0.5018,0.5511,0.6469
2005,2005-09-25,ARI,0.5962,W,0.5050,0.4300,0.5006,0.6791,,0.5424,0.4869,0.5625,0.6242,0.5860
2005,2005-10-02,WAS,0.4118,L,0.5050,0.4300,0.4673,0.4319,,0.4949,0.4872,0.3553,0.4234,0.3811
2005,2005-10-09,LA,0.4118,W,0.5050,0.5700,0.5030,0.4026,,0.4801,0.5319,0.5846,0.4408,0.5518
2005,2005-10-16,HOU,0.5962,W,0.5050,0.4300,0.4768,0.7292,,0.4993,0.4713,0.4897,0.5977,0.5341
2005,2005-10-23,DAL,0.5962,W,0.5050,0.4300,0.4559,0.5813,,0.4964,0.4551,0.4188,0.5494,0.4254
2005,2005-11-06,ARI,0.4118,W,0.5050,0.4300,0.4389,0.6245,,0.4118,0.4654,0.3366,0.4770,0.4628
2005,2005-11-13,LA,0.5962,W,0.5050,0.4300,0.4249,0.6921,,0.5007,0.4777,0.5262,0.6063,0.6232
2005,2005-11-20,SF,0.4118,W,0.5050,0.4300,0.4131,0.8041,,0.5546,0.5042,0.5419,0.5282,0.5245
2005,2005-11-27,NYG,0.5962,W,0.5050,0.4300,0.4031,0.6523,,0.4274,0.4521,0.3731,0.5489,0.4785
2005,2005-12-05,PHI,0.4118,W,0.5050,0.4300,0.3945,0.5813,,0.5645,0.4506,0.5439,0.3899,0.5694
2005,2005-12-11,SF,0.5962,W,0.5050,0.4300,0.3870,0.8622,,0.5082,0.5089,0.5198,0.6385,0.6038
2005,2005-12-18,TEN,0.4118,W,0.5050,0.4300,0.3804,0.7047,,0.5178,0.4737,0.5198,0.4579,0.5318
2005,2005-12-24,IND,0.5962,W,0.5050,0.4300,0.3746,0.6921,,0.4724,0.4700,0.5198,0.5711,0.5483
2005,2006-01-01,GB,0.4118,L,0.5050,0.4300,0.3694,0.4026,,0.4478,0.5042,0.5198,0.3777,0.5332
2005,2006-01-14,WAS,0.5962,W,0.5050,0.5700,0.3876,0.7292,,0.4098,0.5153,0.6417,0.4961,0.5356
2005,2006-01-22,CAR,0.5962,W,0.5050,0.4300,0.3823,0.6523,,0.5174,0.4605,0.5417,0.4431,0.5571
2005,2006-02-05,PIT,0.5050,L,0.5050,0.4300,0.3774,0.3741,,0.4553,0.4988,0.5141,0.3553,0.5146
2006,2006-09-10,DET,0.4407,W,0.5500,0.5294,0.5661,0.7359,,0.5561,0.6045,0.6122,0.5500,0.5451
2006,2006-09-17,ARI,0.6613,W,0.5500,0.4706,0.5686,0.7654,,0.5099,0.5527,0.5890,0.7584,0.5866
2006,2006-09-24,NYG,0.6613,W,0.5500,0.4706,0.5703,0.6700,,0.5509,0.6219,0.6410,0.6899,0.5718
2006,2006-10-01,CHI,0.4407,L,0.5500,0.4706,0.5715,0.3828,,0.4871,0.4978,0.4323,0.3807,0.4994
2006,2006-10-15,LA,0.4407,W,0.5500,0.5294,0.5649,0.6342,,0.5863,0.6367,0.6815,0.5228,0.6226
2006,2006-10-22,MIN,0.6613,L,0.5500,0.4706,0.5664,0.7359,,0.6023,0.6376,0.6581,0.7160,0.6475
2006,2006-10-29,KC,0.4407,L,0.5500,0.5294,0.5617,0.3643,,0.5513,0.4993,0.4970,0.3853,0.4999
2006,2006-11-06,LV,0.6613,W,0.5500,0.5294,0.5578,0.7654,,0.5672,0.5621,0.6448,0.6360,0.7629
2006,2006-11-12,LA,0.6613,W,0.5500,0.4706,0.5595,0.6342,,0.5347,0.5098,0.5624,0.7058,0.5961
2006,2006-11-19,SF,0.4407,L,0.5500,0.4706,0.5610,0.6342,,0.5456,0.5934,0.5388,0.5194,0.5228
2006,2006-11-27,GB,0.6613,W,0.5500,0.5294,0.5580,0.8399,,0.4489,0.4066,0.3949,0.6708,0.4616
2006,2006-12-03,DEN,0.4407,W,0.5500,0.4706,0.5594,0.3462,,0.5683,0.6349,0.6489,0.3710,0.6263
2006,2006-12-10,ARI,0.4407,L,0.5500,0.4706,0.5606,0.6342,,0.5419,0.5559,0.4789,0.5149,0.4974
2006,2006-12-14,SF,0.6613,L,0.5500,0.5294,0.5581,0.8399,,0.5431,0.5327,0.4856,0.7240,0.6860
2006,2006-12-24,LAC,0.6613,L,0.5500,0.5294,0.5559,0.3643,,0.5523,0.5679,0.6928,0.5606,0.6623
2006,2006-12-31,TB,0.4407,W,0.5500,0.5294,0.5540,0.4016,,0.5932,0.6498,0.6530,0.3942,0.5979
2006,2007-01-06,DAL,0.6613,W,0.5500,0.4706,0.5552,0.5582,,0.4938,0.4551,0.3785,0.5104,0.5776
2006,2007-01-14,CHI,0.4407,L,0.5500,0.4706,0.5563,0.3828,,0.4949,0.4630,0.5182,0.3242,0.5793
2007,2007-09-09,TB,0.6620,W,0.5507,0.5328,0.5513,0.7243,,0.5193,0.5804,0.6327,0.7306,0.8073
2007,2007-09-16,ARI,0.4412,L,0.5507,0.4672,0.5556,0.6251,,0.5154,0.4836,0.5346,0.5454,0.4623
2007,2007-09-23,CIN,0.6620,W,0.5507,0.5328,0.5504,0.6427,,0.5236,0.5561,0.4727,0.6905,0.7293
2007,2007-09-30,SF,0.4412,W,0.5507,0.4672,0.5536,0.5518,,0.5130,0.4675,0.3594,0.4928,0.2894
2007,2007-10-07,PIT,0.4412,L,0.5507,0.4672,0.5560,0.3149,,0.5186,0.5439,0.5192,0.3470,0.6031
2007,2007-10-14,NO,0.6620,L,0.5507,0.5328,0.5525,0.7089,,0.5214,0.5551,0.6061,0.7267,0.6725
2007,2007-10-21,LA,0.6620,W,0.5507,0.5328,0.5497,0.8055,,0.5263,0.4856,0.6704,0.7855,0.6365
2007,2007-11-04,CLE,0.4412,L,0.5507,0.4672,0.5518,0.4762,,0.5255,0.5057,0.5948,0.4695,0.4712
2007,2007-11-12,SF,0.6620,W,0.5507,0.5328,0.5496,0.8171,,0.5179,0.4590,0.4041,0.8036,0.6814
2007,2007-11-18,CHI,0.6620,W,0.5507,0.4672,0.5513,0.7243,,0.5414,0.6896,0.5211,0.7471,0.8573
2007,2007-11-25,LA,0.4412,W,0.5507,0.4672,0.5528,0.6251,,0.5112,0.5681,0.6236,0.5568,0.6743
2007,2007-12-02,PHI,0.4412,W,0.5507,0.4672,0.5542,0.4017,,0.4939,0.3347,0.3330,0.4199,0.2897
2007,2007-12-09,ARI,0.6620,W,0.5507,0.4672,0.5553,0.7673,,0.5110,0.4495,0.4408,0.7612,0.6931
2007,2007-12-16,CAR,0.4412,L,0.5507,0.4672,0.5563,0.7535,,0.5341,0.6221,0.5855,0.6644,0.6298
2007,2007-12-23,BAL,0.6620,W,0.5507,0.5328,0.5546,0.8756,,0.5195,0.4241,0.5502,0.8443,0.4836
2007,2007-12-30,ATL,0.4412,L,0.5507,0.4672,0.5555,0.5889,,0.5355,0.5756,0.6192,0.5496,0.4082
2007,2008-01-05,WAS,0.6620,W,0.5507,0.5328,0.5540,0.6251,,0.5229,0.5463,0.6520,0.6368,0.5666
2007,2008-01-12,GB,0.4412,L,0.5507,0.4672,0.5549,0.2129,,0.5313,0.5804,0.5737,0.2650,0.4806
2008,2008-09-07,BUF,0.4286,L,0.5577,0.5484,0.5576,0.4718,,0.5267,0.6356,0.6060,0.4302,0.4625
2008,2008-09-14,SF,0.6875,L,0.5577,0.5484,0.5598,0.7432,,0.5269,0.5884,0.6421,0.7395,0.5030
2008,2008-09-21,LA,0.6875,W,0.5577,0.5484,0.5613,0.7854,,0.5227,0.5561,0.5914,0.7678,0.7378
2008,2008-10-05,NYG,0.4286,L,0.5577,0.4516,0.5597,0.2740,,0.5094,0.5374,0.4596,0.3267,0.3167
2008,2008-10-12,GB,0.6875,L,0.5577,0.5484,0.5609,0.5500,,0.5114,0.5623,0.5735,0.5907,0.4742
2008,2008-10-19,TB,0.4286,L,0.5577,0.5484,0.5617,0.1678,,0.5326,0.4941,0.6704,0.2764,0.5565
2008,2008-10-26,SF,0.4286,W,0.5577,0.5484,0.5624,0.3231,,0.5315,0.5954,0.5849,0.4199,0.5287
2008,2008-11-02,PHI,0.6875,L,0.5577,0.4516,0.5614,0.2587,,0.5035,0.4857,0.4070,0.4100,0.5253
2008,2008-11-09,MIA,0.4286,L,0.5577,0.5484,0.5620,0.2032,,0.5122,0.5815,0.5555,0.2918,0.4615
2008,2008-11-16,ARI,0.6875,L,0.5577,0.5484,0.5625,0.3950,,0.5275,0.5841,0.6704,0.5623,0.7226
2008,2008-11-23,WAS,0.6875,L,0.5577,0.5484,0.5629,0.3950,,0.5219,0.4992,0.5849,0.5028,0.5508
2008,2008-11-27,DAL,0.4286,L,0.5577,0.5484,0.5633,0.1470,,0.4985,0.4439,0.5244,0.2153,0.2380
2008,2008-12-07,NE,0.6875,L,0.5577,0.5484,0.5637,0.2439,0.0000,0.5071,0.5680,0.5515,0.4048,0.6045
2008,2008-12-14,LA,0.4286,W,0.5577,0.5484,0.5640,0.5500,,0.5242,0.6294,0.6062,0.5436,0.7340
2008,2008-12-21,NYJ,0.6875,W,0.5577,0.4516,0.5632,0.3765,,0.5058,0.5293,0.4686,0.4857,0.4876
2008,2008-12-28,ARI,0.4286,L,0.5577,0.4516,0.5625,0.2587,,0.4920,0.4181,0.4414,0.3588,0.3913
2009,2009-09-13,LA,0.6477,W,0.5291,0.5322,0.4747,0.7563,,0.5169,0.5059,0.3976,0.7673,0.7727
2009,2009-09-20,SF,0.4118,L,0.5291,0.4678,0.5025,0.4532,,0.4353,0.3557,0.4265,0.5356,0.6058
2009,2009-09-27,CHI,0.6477,L,0.5291,0.5322,0.4901,0.4532,,0.5313,0.6023,0.5192,0.6082,0.6931
2009,2009-10-04,IND,0.4118,L,0.5291,0.5322,0.4813,0.1581,,0.5022,0.4646,0.5100,0.3010,0.3135
2009,2009-10-11,JAX,0.6477,W,0.5291,0.5322,0.4747,0.5356,,0.5907,0.6445,0.5622,0.6480,0.8378
2009,2009-10-18,ARI,0.6477,L,0.5291,0.4678,0.4901,0.6160,,0.5160,0.5600,0.5136,0.7022,0.7594
2009,2009-11-01,DAL,0.4118,L,0.5291,0.5322,0.4839,0.1581,,0.4684,0.4315,0.4405,0.2979,0.2536
2009,2009-11-08,DET,0.6477,W,0.5291,0.5322,0.4789,0.8572,,0.5382,0.5993,0.4794,0.8190,0.7984
2009,2009-11-15,ARI,0.4118,L,0.5291,0.4678,0.4901,0.1813,,0.3924,0.3625,0.4078,0.3166,0.2337
2009,2009-11-22,MIN,0.4118,L,0.5291,0.5322,0.4853,0.1474,,0.4665,0.4827,0.4398,0.2869,0.4276
2009,2009-11-29,LA,0.4118,W,0.5291,0.5322,0.4813,0.6353,,0.5112,0.5515,0.4164,0.6029,0.6364
2009,2009-12-06,SF,0.6477,W,0.5291,0.4678,0.4901,0.4532,,0.5142,0.5365,0.4770,0.5966,0.7217
2009,2009-12-13,HOU,0.4118,L,0.5291,0.4678,0.4978,0.2355,,0.4200,0.3946,0.4336,0.3419,0.2284
2009,2009-12-20,TB,0.6477,L,0.5291,0.5322,0.4937,0.7408,,0.4436,0.4238,0.4336,0.7426,0.5660
2009,2009-12-27,GB,0.4118,L,0.5291,0.5322,0.4901,0.0953,,0.5593,0.6275,0.5781,0.2414,0.4669
2009,2010-01-03,TEN,0.6477,L,0.5291,0.5322,0.4868,0.2665,,0.5636,0.6085,0.5187,0.4518,0.5476
2010,2010-09-12,SF,0.6354,W,0.5106,0.5294,0.4500,0.3542,,0.4605,0.4800,0.3805,0.5257,0.4707
2010,2010-09-19,DEN,0.3871,L,0.5106,0.4706,0.4891,0.3344,,0.4294,0.4340,0.4687,0.3231,0.3578
2010,2010-09-26,LAC,0.6354,W,0.5106,0.5294,0.4677,0.3344,,0.5162,0.5357,0.5400,0.4623,0.4933
2010,2010-10-03,LA,0.3871,L,0.5106,0.4706,0.4932,0.5468,,0.4126,0.4527,0.4125,0.4833,0.4269
2010,2010-10-17,CHI,0.3871,W,0.5106,0.5294,0.4766,0.2449,,0.4913,0.5112,0.4502,0.2813,0.3686
2010,2010-10-24,ARI,0.6354,W,0.5106,0.4706,0.4954,0.7433,,0.4660,0.4746,0.3559,0.7243,0.5765
2010,2010-10-31,LV,0.3871,L,0.5106,0.4706,0.5105,0.4163,,0.4827,0.4764,0.3497,0.3630,0.4007
2010,2010-11-07,NYG,0.6354,L,0.5106,0.5294,0.4969,0.2140,,0.4940,0.4530,0.6044,0.3805,0.3782
2010,2010-11-14,ARI,0.3871,W,0.5106,0.5294,0.4855,0.3344,,0.5259,0.5554,0.6052,0.3699,0.4843
2010,2010-11-21,NO,0.3871,L,0.5106,0.4706,0.4979,0.1190,,0.5690,0.5731,0.4997,0.2136,0.4095
2010,2010-11-28,KC,0.6354,L,0.5106,0.5294,0.4881,0.4377,,0.4410,0.4863,0.3645,0.5089,0.4719
2010,2010-12-05,CAR,0.6354,W,0.5106,0.5294,0.4796,0.6711,,0.5751,0.6373,0.6552,0.6382,0.6616
2010,2010-12-12,SF,0.3871,L,0.5106,0.4706,0.4900,0.2966,,0.5330,0.5256,0.5510,0.3458,0.4975
2010,2010-12-19,ATL,0.6354,L,0.5106,0.5294,0.4824,0.2614,,0.4094,0.4104,0.3916,0.4086,0.3632
2010,2010-12-26,TB,0.3871,L,0.5106,0.5294,0.4756,0.2787,,0.4229,0.4032,0.5204,0.3023,0.3139
2010,2011-01-02,LA,0.6354,W,0.5106,0.5294,0.4696,0.3542,,0.5746,0.5995,0.6091,0.5139,0.7126
2010,2011-01-08,NO,0.6354,W,0.5106,0.4706,0.4784,0.1494,,0.4993,0.6198,0.2898,0.3613,0.5986
2010,2011-01-16,CHI,0.3871,L,0.5106,0.4706,0.4864,0.1386,,0.3450,0.2822,0.2515,0.1783,0.2324
2011,2011-09-11,SF,0.3725,L,0.5049,0.5415,0.4875,0.2622,,0.6573,0.7314,0.6080,0.4061,0.6088
2011,2011-09-18,PIT,0.3725,L,0.5049,0.5415,0.4665,0.0919,,0.4622,0.5119,0.5568,0.2803,0.2339
2011,2011-09-25,ARI,0.6381,W,0.5049,0.5415,0.4526,0.3700,,0.5702,0.6102,0.4553,0.5848,0.6928
2011,2011-10-02,ATL,0.6381,L,0.5049,0.4585,0.4763,0.2622,,0.4375,0.4080,0.3849,0.4741,0.4107
2011,2011-10-09,NYG,0.3725,W,0.5049,0.5415,0.4645,0.1539,,0.5128,0.5242,0.5671,0.3005,0.3094
2011,2011-10-23,CLE,0.3725,L,0.5049,0.4585,0.4817,0.3700,,0.4998,0.5318,0.5480,0.3691,0.3260
2011,2011-10-30,CIN,0.6381,L,0.5049,0.5415,0.4718,0.4508,,0.4017,0.3541,0.4350,0.5400,0.4723
2011,2011-11-06,DAL,0.3725,L,0.5049,0.5415,0.4637,0.1333,,0.4716,0.4833,0.4808,0.2865,0.2962
2011,2011-11-13,BAL,0.6381,W,0.5049,0.5415,0.4569,0.2311,,0.6282,0.7435,0.5523,0.4483,0.7529
2011,2011-11-20,LA,0.3725,W,0.5049,0.4585,0.4693,0.3700,,0.4824,0.3949,0.4488,0.4272,0.3236
2011,2011-11-27,WAS,0.6381,L,0.5049,0.4585,0.4800,0.6160,,0.3721,0.3037,0.3507,0.5900,0.3920
2011,2011-12-01,PHI,0.6381,W,0.5049,0.5415,0.4735,0.3700,,0.6474,0.7151,0.6080,0.4828,0.6959
2011,2011-12-12,LA,0.6381,W,0.5049,0.4585,0.4826,0.8142,,0.5910,0.6521,0.4616,0.6959,0.7445
2011,2011-12-18,CHI,0.3725,W,0.5049,0.4585,0.4906,0.3507,,0.4787,0.5036,0.3281,0.3474,0.3348
2011,2011-12-24,SF,0.6381,L,0.5049,0.4585,0.4978,0.4302,,0.6028,0.7629,0.3799,0.6415,0.7299
2011,2012-01-01,ARI,0.3725,L,0.5049,0.5415,0.4917,0.3897,,0.6976,0.7945,0.6913,0.4174,0.7342
2012,2012-09-09,ARI,0.3727,L,0.5000,0.5385,0.4848,0.5392,,0.5872,0.5786,0.5975,0.5395,0.5460
2012,2012-09-16,DAL,0.6283,W,0.5000,0.5385,0.4662,0.3840,,0.3396,0.3940,0.5211,0.4636,0.2573
2012,2012-09-24,GB,0.6283,W,0.5000,0.4615,0.4892,0.3840,,0.5890,0.5745,0.4513,0.4860,0.7523
2012,2012-09-30,LA,0.3727,L,0.5000,0.4615,0.5057,0.5780,,0.5069,0.5031,0.4543,0.5522,0.5632
2012,2012-10-07,CAR,0.3727,W,0.5000,0.5385,0.4915,0.4606,,0.5514,0.4713,0.5749,0.3905,0.3946
2012,2012-10-14,NE,0.6283,W,0.5000,0.4615,0.5041,0.3655,,0.4494,0.4262,0.4522,0.4367,0.5373
2012,2012-10-18,SF,0.3727,L,0.5000,0.4615,0.5141,0.2349,,0.4053,0.3461,0.3849,0.3408,0.2135
2012,2012-10-28,DET,0.3727,L,0.5000,0.5385,0.5030,0.3840,0.0000,0.3414,0.3478,0.5018,0.3404,0.1383
2012,2012-11-04,MIN,0.6283,W,0.5000,0.5385,0.4937,0.6700,,0.6081,0.6074,0.6630,0.6264,0.7947
2012,2012-11-11,NYJ,0.6283,W,0.5000,0.4615,0.5022,0.6871,,0.5076,0.5001,0.4725,0.6349,0.5866
2012,2012-11-25,MIA,0.3727,L,0.5000,0.4615,0.5096,0.6158,,0.2747,0.2494,0.3254,0.4717,0.1072
2012,2012-12-02,CHI,0.3727,W,0.5000,0.5385,0.5017,0.3840,,0.6813,0.6647,0.6289,0.3313,0.6316
2012,2012-12-09,ARI,0.6283,W,0.5000,0.4615,0.5081,0.8392,,0.5517,0.5185,0.5249,0.7815,0.8420
2012,2012-12-16,BUF,0.3727,W,0.5000,0.4615,0.5138,0.6700,,0.4062,0.4170,0.4041,0.4986,0.2739
2012,2012-12-23,SF,0.6283,W,0.5000,0.4615,0.5189,0.5971,,0.3916,0.4077,0.3964,0.6426,0.5851
2012,2012-12-30,LA,0.6283,W,0.5000,0.4615,0.5234,0.8496,,0.5993,0.6660,0.6228,0.7867,0.8951
2012,2013-01-06,WAS,0.3727,W,0.5000,0.4615,0.5274,0.6158,,0.5140,0.5234,0.5392,0.4296,0.3293
2012,2013-01-13,ATL,0.3727,L,0.5000,0.4615,0.5311,0.4028,,0.4056,0.4424,0.4929,0.3076,0.2158
2013,2013-09-08,CAR,0.3750,W,0.5125,0.5314,0.5442,0.6280,,0.6991,0.7467,0.6894,0.4663,0.6187
2013,2013-09-15,SF,0.6529,W,0.5125,0.4686,0.5576,0.6280,,0.5351,0.5727,0.6537,0.6773,0.6442
2013,2013-09-22,JAX,0.6529,W,0.5125,0.4686,0.5664,0.9588,,0.6264,0.7023,0.5527,0.7977,0.9015
2013,2013-09-29,HOU,0.3750,W,0.5125,0.4686,0.5727,0.5513,,0.4020,0.3675,0.5385,0.4323,0.3122
2013,2013-10-06,IND,0.3750,L,0.5125,0.4686,0.5775,0.6280,,0.5692,0.5678,0.6366,0.4616,0.5237
2013,2013-10-13,TEN,0.6529,W,0.5125,0.5314,0.5590,0.8576,,0.6296,0.6226,0.6400,0.7380,0.8415
2013,2013-10-17,ARI,0.3750,W,0.5125,0.4686,0.5642,0.6988,,0.5282,0.5132,0.5531,0.4502,0.4364
2013,2013-10-28,LA,0.3750,W,0.5125,0.4686,0.5684,0.8922,,0.5714,0.5282,0.6052,0.6815,0.6658
2013,2013-11-03,TB,0.6529,W,0.5125,0.4686,0.5719,0.9302,,0.6728,0.7394,0.5385,0.7755,0.8677
2013,2013-11-10,ATL,0.3750,W,0.5125,0.4686,0.5749,0.6464,,0.5733,0.5601,0.6366,0.4590,0.4861
2013,2013-11-17,MIN,0.6529,W,0.5125,0.4686,0.5775,0.8922,,0.6948,0.7521,0.6261,0.7503,0.8517
2013,2013-12-02,NO,0.6529,W,0.5125,0.4686,0.5797,0.7465,,0.7167,0.7810,0.5219,0.7054,0.8218
2013,2013-12-08,SF,0.3750,L,0.5125,0.4686,0.5816,0.4133,,0.7729,0.8088,0.6635,0.3937,0.6441
2013,2013-12-15,NYG,0.3750,W,0.5125,0.5314,0.5716,0.8259,,0.5596,0.5633,0.6988,0.5591,0.5258
2013,2013-12-22,ARI,0.6529,L,0.5125,0.4686,0.5738,0.7890,,0.8290,0.8750,0.6537,0.7216,0.9426
2013,2013-12-29,LA,0.6529,W,0.5125,0.5314,0.5653,0.8922,,0.5813,0.5884,0.6245,0.7697,0.7816
2013,2014-01-11,NO,0.6529,W,0.5125,0.4686,0.5675,0.8371,,0.6802,0.7168,0.5303,0.7454,0.7693
2013,2014-01-19,SF,0.6529,W,0.5125,0.4686,0.5696,0.6644,,0.4184,0.3841,0.5167,0.6427,0.6269
2013,2014-02-02,DEN,0.5125,W,0.5125,0.4686,0.5714,0.4523,,0.4444,0.4787,0.4794,0.4229,0.3710
2014,2014-09-04,GB,0.6718,W,0.5367,0.4806,0.6605,0.6970,,0.5642,0.6631,0.4714,0.7139,0.6244
2014,2014-09-14,LAC,0.3984,L,0.5367,0.4806,0.6721,0.6970,,0.5306,0.5116,0.5848,0.5298,0.5645
2014,2014-09-21,DEN,0.6718,W,0.5367,0.5194,0.6169,0.6792,,0.5983,0.6686,0.5044,0.6954,0.6880
2014,2014-10-06,WAS,0.3984,W,0.5367,0.4806,0.6320,0.7770,,0.5022,0.4395,0.6611,0.7318,0.4738
2014,2014-10-12,DAL,0.6718,L,0.5367,0.4806,0.6432,0.8516,,0.5499,0.5956,0.5906,0.8159,0.6907
2014,2014-10-19,LA,0.3984,L,0.5367,0.5194,0.6089,0.7770,,0.5677,0.6039,0.5231,0.6458,0.6882
2014,2014-10-26,CAR,0.3984,W,0.5367,0.5194,0.5807,0.7469,,0.5960,0.6553,0.7202,0.6253,0.7034
2014,2014-11-02,LV,0.6718,W,0.5367,0.4806,0.5939,0.9112,,0.4716,0.4456,0.6363,0.8635,0.6359
2014,2014-11-09,NYG,0.6718,W,0.5367,0.4806,0.6049,0.8293,,0.4475,0.4432,0.3066,0.7992,0.5198
2014,2014-11-16,KC,0.3984,L,0.5367,0.4806,0.6140,0.5625,,0.4882,0.5052,0.4545,0.4635,0.4145
2014,2014-11-23,ARI,0.6718,W,0.5367,0.5194,0.5936,0.7911,,0.5152,0.5093,0.6684,0.7731,0.7136
2014,2014-11-27,SF,0.3984,W,0.5367,0.4806,0.6024,0.4798,,0.4954,0.4660,0.5132,0.4383,0.3799
2014,2014-12-07,PHI,0.3984,W,0.5367,0.4806,0.6100,0.5829,1.0000,0.4840,0.4510,0.4557,0.4769,0.3476
2014,2014-12-14,SF,0.6718,W,0.5367,0.4806,0.6167,0.8516,,0.5321,0.6264,0.4970,0.8156,0.6573
2014,2014-12-21,ARI,0.3984,W,0.5367,0.4806,0.6226,0.8408,,0.5496,0.6262,0.6056,0.7027,0.6567
2014,2014-12-28,LA,0.6718,W,0.5367,0.4806,0.6279,0.8714,,0.5619,0.5693,0.5856,0.8297,0.7164
2014,2015-01-10,CAR,0.6718,W,0.5367,0.4806,0.6326,0.9112,,0.4822,0.4857,0.4471,0.8806,0.5740
2014,2015-01-18,GB,0.6718,W,0.5367,0.4806,0.6368,0.8172,,0.5792,0.5918,0.6087,0.7793,0.7004
2014,2015-02-01,NE,0.5367,L,0.5367,0.4806,0.6407,0.4798,,0.6008,0.7166,0.5947,0.4643,0.6485
2015,2015-09-13,LA,0.4118,L,0.5504,0.5090,0.6343,0.6602,,0.6626,0.7102,0.7727,0.5302,0.7335
2015,2015-09-20,GB,0.4118,L,0.5504,0.5090,0.5711,0.3776,,0.5808,0.5901,0.8010,0.3282,0.5347
2015,2015-09-27,CHI,0.6879,W,0.5504,0.5090,0.5275,0.9441,,0.6381,0.6885,0.7521,0.8867,0.7716
2015,2015-10-05,DET,0.6879,W,0.5504,0.4910,0.5598,0.8513,,0.5061,0.4415,0.5095,0.8848,0.7241
2015,2015-10-11,CIN,0.4118,L,0.5504,0.4910,0.5838,0.3974,,0.5201,0.4685,0.4292,0.3366,0.4483
2015,2015-10-18,CAR,0.6879,L,0.5504,0.5090,0.5535,0.7767,,0.5392,0.5100,0.5793,0.7637,0.6732
2015,2015-10-22,SF,0.4118,W,0.5504,0.5090,0.5290,0.7619,,0.5553,0.6057,0.5655,0.7024,0.5534
2015,2015-11-01,DAL,0.4118,W,0.5504,0.4910,0.5495,0.6965,,0.5250,0.6011,0.4475,0.5593,0.5023
2015,2015-11-15,ARI,0.6879,L,0.5504,0.4910,0.5664,0.6413,,0.4361,0.4008,0.3346,0.6932,0.4953
2015,2015-11-22,SF,0.6879,W,0.5504,0.5090,0.5467,0.9176,,0.6126,0.6154,0.5926,0.8800,0.7687
2015,2015-11-29,PIT,0.6879,W,0.5504,0.4910,0.5615,0.6413,,0.5476,0.6086,0.6283,0.6774,0.7266
2015,2015-12-06,MIN,0.4118,W,0.5504,0.4910,0.5742,0.6220,,0.4515,0.5033,0.4968,0.5039,0.3716
2015,2015-12-13,BAL,0.4118,W,0.5504,0.4910,0.5852,0.8615,,0.4585,0.4091,0.4061,0.7187,0.4263
2015,2015-12-20,CLE,0.6879,W,0.5504,0.4910,0.5949,0.9237,,0.5754,0.6625,0.6706,0.8783,0.7694
2015,2015-12-27,LA,0.6879,L,0.5504,0.4910,0.6034,0.8712,,0.5869,0.6372,0.6607,0.8467,0.7415
2015,2016-01-03,ARI,0.4118,W,0.5504,0.5090,0.5883,0.2859,,0.5515,0.6168,0.6470,0.2908,0.4358
2015,2016-01-10,MIN,0.4118,W,0.5504,0.4910,0.5963,0.6786,,0.5879,0.6537,0.7055,0.5287,0.6834
2015,2016-01-17,CAR,0.4118,L,0.5504,0.4910,0.6036,0.4174,,0.6089,0.6544,0.6605,0.3419,0.5915
2016,2016-09-11,MIA,0.6846,W,0.5541,0.5051,0.5806,0.8541,,0.6002,0.6631,0.6578,0.8194,0.7750
2016,2016-09-18,LA,0.4247,L,0.5541,0.4949,0.6116,0.7222,,0.5396,0.5179,0.6722,0.5991,0.5227
2016,2016-09-25,SF,0.6846,W,0.5541,0.5051,0.5656,0.8541,,0.6001,0.6533,0.6391,0.8177,0.7923
2016,2016-10-02,NYJ,0.4247,W,0.5541,0.4949,0.5902,0.5559,,0.4591,0.4907,0.5019,0.4559,0.3240
2016,2016-10-16,ATL,0.6846,W,0.5541,0.4949,0.6084,0.7683,,0.4638,0.4046,0.5377,0.7468,0.6094
2016,2016-10-30,NO,0.4247,L,0.5541,0.5541,0.6138,0.5559,,0.6395,0.6839,0.6163,0.4571,0.6575
2016,2016-11-07,BUF,0.6846,W,0.5541,0.5051,0.5887,0.7222,,0.7080,0.7372,0.6625,0.8237,0.8719
2016,2016-11-13,NE,0.4247,W,0.5541,0.4949,0.6010,0.2395,,0.6084,0.6574,0.6228,0.2218,0.3898
2016,2016-11-20,PHI,0.6846,W,0.5541,0.4949,0.6113,0.7536,,0.6534,0.6756,0.5742,0.7414,0.8338
2016,2016-11-27,TB,0.4247,L,0.5541,0.4949,0.6200,0.7056,,0.4969,0.4927,0.6125,0.5968,0.4667
2016,2016-12-04,CAR,0.6846,W,0.5541,0.5051,0.6014,0.8088,,0.6196,0.6082,0.7025,0.7898,0.8181
2016,2016-12-11,GB,0.4247,L,0.5541,0.4949,0.6097,0.6340,,0.5789,0.5872,0.6358,0.5349,0.5265
2016,2016-12-15,LA,0.6846,W,0.5541,0.5051,0.5937,0.9240,,0.4165,0.4578,0.5880,0.9157,0.5303
2016,2016-12-24,ARI,0.6846,L,0.5541,0.4949,0.6016,0.8211,,0.4059,0.3866,0.6487,0.8559,0.5718
2016,2017-01-01,SF,0.4247,W,0.5541,0.5051,0.5877,0.8732,,0.7158,0.7668,0.6044,0.7832,0.7731
2016,2017-01-07,DET,0.6846,W,0.5541,0.4949,0.5951,0.7960,,0.6060,0.6459,0.5542,0.8250,0.7793
2016,2017-01-14,ATL,0.4247,L,0.5541,0.4949,0.6018,0.2703,,0.6201,0.6766,0.4451,0.3154,0.4730
2017,2017-09-10,GB,0.4221,L,0.5591,0.5145,0.5933,0.4143,,0.5646,0.5464,0.5257,0.3524,0.5118
2017,2017-09-17,SF,0.6962,W,0.5591,0.5145,0.5430,0.9001,,0.5404,0.5463,0.6566,0.8276,0.6492
2017,2017-09-24,TEN,0.4221,L,0.5591,0.4855,0.5753,0.4337,,0.5680,0.5768,0.5754,0.3615,0.5467
2017,2017-10-01,IND,0.6962,W,0.5591,0.5145,0.5417,0.8848,,0.5223,0.4946,0.4482,0.8188,0.6198
2017,2017-10-08,LA,0.4221,W,0.5591,0.4855,0.5661,0.4337,,0.5100,0.4835,0.5259,0.3870,0.4340
2017,2017-10-22,NYG,0.4221,W,0.5591,0.4855,0.5849,0.6654,,0.4961,0.4887,0.5436,0.5173,0.3912
2017,2017-10-29,HOU,0.6962,W,0.5591,0.4855,0.5998,0.7321,,0.4608,0.4500,0.3474,0.7537,0.4605
2017,2017-11-05,WAS,0.6962,L,0.5591,0.4855,0.6118,0.7897,,0.5677,0.5844,0.5330,0.7845,0.7582
2017,2017-11-09,ARI,0.4221,W,0.5591,0.5145,0.5897,0.7321,,0.6561,0.7335,0.6742,0.6553,0.7619
2017,2017-11-20,ATL,0.6962,L,0.5591,0.4855,0.6008,0.5524,,0.6629,0.7079,0.6004,0.7591,0.8002
2017,2017-11-26,SF,0.4221,W,0.5591,0.5145,0.5825,0.7621,,0.6681,0.6812,0.7263,0.6009,0.7620
2017,2017-12-03,PHI,0.6962,W,0.5591,0.4855,0.5926,0.3763,,0.4996,0.4536,0.5442,0.5641,0.4722
2017,2017-12-10,JAX,0.4221,L,0.5591,0.4855,0.6014,0.3951,,0.5385,0.5323,0.6011,0.3708,0.4819
2017,2017-12-17,LA,0.6962,L,0.5591,0.5145,0.5863,0.4731,,0.5546,0.6492,0.5417,0.6385,0.6334
2017,2017-12-24,DAL,0.4221,W,0.5591,0.5145,0.5728,0.3398,,0.5563,0.5769,0.6566,0.3362,0.3400
2017,2017-12-31,ARI,0.6962,L,0.5591,0.4855,0.5814,0.7897,,0.6056,0.5882,0.5754,0.7945,0.8435
2018,2018-09-09,DEN,0.4321,L,0.5593,0.5199,0.5621,0.3956,,0.5414,0.4345,0.5206,0.3567,0.2665
2018,2018-09-17,CHI,0.4321,L,0.5593,0.5199,0.5208,0.3239,,0.5351,0.6165,0.5735,0.4267,0.3919
2018,2018-09-23,DAL,0.6867,W,0.5593,0.5199,0.4930,0.5498,,0.5446,0.6765,0.6474,0.6221,0.7826
2018,2018-09-30,ARI,0.4321,W,0.5593,0.4801,0.5261,0.6433,,0.4960,0.3100,0.4441,0.5776,0.3702
2018,2018-10-07,LA,0.6867,L,0.5593,0.4801,0.5507,0.2450,,0.4873,0.3398,0.3598,0.3908,0.3389
2018,2018-10-14,LV,0.5593,W,0.5593,0.5199,0.5290,0.6252,,0.5157,0.4762,0.5169,0.6156,0.4120
2018,2018-10-28,DET,0.4321,W,0.5593,0.4801,0.5484,0.3956,,0.5399,0.5586,0.4880,0.3698,0.5374
2018,2018-11-04,LAC,0.6867,L,0.5593,0.4801,0.5642,0.5498,,0.5093,0.4105,0.5054,0.6274,0.6066
2018,2018-11-11,LA,0.4321,L,0.5593,0.5199,0.5469,0.1801,,0.5583,0.4338,0.4922,0.2296,0.2654
2018,2018-11-15,GB,0.6867,W,0.5593,0.5199,0.5321,0.6252,,0.5685,0.7010,0.6841,0.7660,0.8888
2018,2018-11-25,CAR,0.4321,W,0.5593,0.4801,0.5458,0.3956,1.0000,0.5563,0.5448,0.6363,0.3722,0.4798
2018,2018-12-02,SF,0.6867,W,0.5593,0.4801,0.5576,0.8325,,0.5284,0.4345,0.4399,0.8295,0.7163
2018,2018-12-10,MIN,0.6867,W,0.5593,0.4801,0.5678,0.6252,,0.5447,0.6517,0.4926,0.7710,0.8551
2018,2018-12-16,SF,0.4321,L,0.5593,0.4801,0.5768,0.6433,,0.5389,0.5234,0.6074,0.5821,0.4325
2018,2018-12-23,KC,0.6867,W,0.5593,0.5199,0.5647,0.4720,,0.5693,0.5100,0.5946,0.5734,0.5137
2018,2018-12-30,ARI,0.6867,W,0.5593,0.4801,0.5729,0.9214,,0.5341,0.5542,0.5585,0.8916,0.8319
2018,2019-01-05,DAL,0.4321,L,0.5593,0.4801,0.5803,0.4144,,0.5493,0.5625,0.6149,0.4160,0.3624
2019,2019-09-08,CIN,0.6897,W,0.5607,0.5174,0.5724,0.8281,,0.5435,0.5755,0.6185,0.7547,0.6719
2019,2019-09-15,PIT,0.4294,W,0.5607,0.4826,0.5998,0.3589,,0.5402,0.5668,0.6759,0.3825,0.3679
2019,2019-09-22,NO,0.6897,L,0.5607,0.4826,0.6177,0.7015,,0.5494,0.5711,0.6201,0.6911,0.7085
2019,2019-09-29,ARI,0.4294,W,0.5607,0.5174,0.5837,0.7180,,0.5346,0.5105,0.5039,0.5694,0.4097
2019,2019-10-03,LA,0.6897,W,0.5607,0.4826,0.5993,0.5736,,0.6132,0.6991,0.6722,0.6981,0.8177
2019,2019-10-13,CLE,0.4294,W,0.5607,0.4826,0.6113,0.4746,1.0000,0.5891,0.6933,0.6201,0.4439,0.5891
2019,2019-10-20,BAL,0.6897,L,0.5607,0.4826,0.6209,0.6308,,0.5389,0.5333,0.4816,0.6634,0.6119
2019,2019-10-27,ATL,0.4294,W,0.5607,0.5174,0.5991,0.7779,,0.5750,0.6373,0.6843,0.6101,0.5128
2019,2019-11-03,TB,0.6897,W,0.5607,0.4826,0.6081,0.6671,,0.6003,0.6406,0.6708,0.6809,0.7242
2019,2019-11-11,SF,0.4294,W,0.5607,0.4826,0.6158,0.2732,,0.5880,0.5781,0.5480,0.3809,0.5749
2019,2019-11-24,PHI,0.4294,W,0.5607,0.4826,0.6222,0.5540,,0.5448,0.6122,0.6003,0.4854,0.3874
2019,2019-12-02,MIN,0.6897,W,0.5607,0.4826,0.6278,0.6121,,0.5938,0.6618,0.6408,0.6862,0.6452
2019,2019-12-08,LA,0.4294,L,0.5607,0.4826,0.6327,0.4746,,0.5709,0.5817,0.6331,0.4507,0.4116
2019,2019-12-15,CAR,0.4294,W,0.5607,0.5174,0.6181,0.7338,,0.5530,0.5434,0.5954,0.5865,0.4750
2019,2019-12-22,ARI,0.6897,L,0.5607,0.4826,0.6230,0.7913,,0.5862,0.6577,0.6780,0.7421,0.7916
2019,2019-12-29,SF,0.6897,L,0.5607,0.5174,0.6103,0.3775,,0.6076,0.6820,0.6781,0.5482,0.7040
2019,2020-01-05,PHI,0.4294,W,0.5607,0.5174,0.5988,0.4746,,0.5622,0.5732,0.6421,0.4404,0.4122
2019,2020-01-12,GB,0.4294,L,0.5607,0.4826,0.6040,0.3408,,0.5479,0.5898,0.6231,0.3762,0.4441
2020,2020-09-13,ATL,0.4500,W,0.5659,0.5193,0.6009,0.4819,,0.5275,0.4401,0.5196,0.4371,0.3372
2020,2020-09-20,NE,0.6813,W,0.5659,0.4807,0.6223,0.6695,,0.4765,0.4641,0.4789,0.6726,0.5782
2020,2020-09-27,DAL,0.6813,W,0.5659,0.4807,0.6363,0.7189,,0.4773,0.5014,0.5188,0.7082,0.7056
2020,2020-10-04,MIA,0.4500,W,0.5659,0.4807,0.6461,0.6864,,0.4706,0.4054,0.4312,0.5866,0.3463
2020,2020-10-11,MIN,0.6813,W,0.5659,0.4807,0.6535,0.7493,,0.4999,0.5675,0.5516,0.7289,0.6541
2020,2020-10-25,ARI,0.4500,L,0.5659,0.4807,0.6591,0.6520,,0.5644,0.5740,0.6014,0.5410,0.4820
2020,2020-11-01,SF,0.6813,W,0.5659,0.5193,0.6328,0.5594,,0.6761,0.7470,0.6752,0.5811,0.8070
2020,2020-11-08,BUF,0.4500,L,0.5659,0.4807,0.6394,0.6342,,0.6460,0.7268,0.6643,0.5497,0.6167
2020,2020-11-15,LA,0.4500,L,0.5659,0.5193,0.6187,0.4053,,0.6400,0.6859,0.7051,0.3678,0.5166
2020,2020-11-19,ARI,0.6813,W,0.5659,0.5193,0.6009,0.6342,,0.6683,0.7067,0.6540,0.7619,0.9023
2020,2020-11-30,PHI,0.4500,W,0.5659,0.4807,0.6085,0.7493,,0.6229,0.6714,0.6360,0.7472,0.7364
2020,2020-12-06,NYG,0.6813,L,0.5659,0.4807,0.6152,0.8575,,0.5218,0.5147,0.4468,0.8213,0.7117
2020,2020-12-13,NYJ,0.6813,W,0.5659,0.5193,0.6009,0.9341,,0.4913,0.4249,0.5794,0.8864,0.7859
2020,2020-12-20,WAS,0.4500,W,0.5659,0.4807,0.6072,0.7344,,0.5540,0.6207,0.6070,0.6444,0.6549
2020,2020-12-27,LA,0.6813,W,0.5659,0.4807,0.6128,0.5785,,0.5118,0.4785,0.4991,0.6031,0.4746
2020,2021-01-03,SF,0.5659,W,0.5659,0.4807,0.6178,0.7636,,0.3982,0.3431,0.4275,0.7009,0.3699
2020,2021-01-09,LA,0.6813,L,0.5659,0.4807,0.6223,0.6342,,0.5859,0.7047,0.6571,0.6426,0.7346
2021,2021-09-12,IND,0.4545,W,0.5722,0.5172,0.6187,0.6356,,0.6041,0.6175,0.7549,0.5825,0.4872
2021,2021-09-19,TEN,0.6859,L,0.5722,0.4828,0.6379,0.7500,,0.5475,0.5224,0.5905,0.7481,0.6584
2021,2021-09-26,MIN,0.4545,L,0.5722,0.5172,0.5958,0.5990,,0.5959,0.6353,0.6734,0.5547,0.5790
2021,2021-10-03,SF,0.4545,W,0.5722,0.5172,0.5648,0.4264,,0.6606,0.6340,0.6945,0.3953,0.5900
2021,2021-10-07,LA,0.6859,L,0.5722,0.4828,0.5842,0.4264,,0.6124,0.6784,0.5987,0.6206,0.8305
2021,2021-10-17,PIT,0.4545,L,0.5722,0.5172,0.5612,0.3183,0.0000,0.4943,0.4023,0.5671,0.3372,0.1432
2021,2021-10-25,NO,0.6859,L,0.5722,0.5172,0.5427,0.3018,,0.6186,0.6655,0.5883,0.5213,0.6547
2021,2021-10-31,JAX,0.6859,W,0.5722,0.5172,0.5274,0.6707,,0.5733,0.6264,0.5683,0.7104,0.8662
2021,2021-11-14,GB,0.4545,L,0.5722,0.4828,0.5437,0.4076,,0.4285,0.3224,0.3866,0.4097,0.2302
2021,2021-11-21,ARI,0.6859,L,0.5722,0.5172,0.5307,0.6174,,0.5100,0.5086,0.4337,0.6432,0.7283
2021,2021-11-29,WAS,0.4545,L,0.5722,0.5172,0.5195,0.5612,,0.5896,0.6134,0.5652,0.6499,0.6063
2021,2021-12-05,SF,0.6859,W,0.5722,0.5172,0.5098,0.4076,,0.6069,0.7418,0.5321,0.4804,0.9099
2021,2021-12-12,HOU,0.4545,W,0.5722,0.4828,0.5232,0.8377,,0.3993,0.3169,0.3061,0.7766,0.6991
2021,2021-12-21,LA,0.4545,L,0.5722,0.4828,0.5350,0.2551,,0.4416,0.3817,0.3467,0.3022,0.0881
2021,2021-12-26,CHI,0.6859,L,0.5722,0.5172,0.5260,0.7643,,0.5248,0.5095,0.5809,0.7739,0.8041
2021,2022-01-02,DET,0.6859,W,0.5722,0.5172,0.5180,0.8036,,0.5857,0.5602,0.6204,0.8032,0.8196
2021,2022-01-09,ARI,0.4545,W,0.5722,0.4828,0.5283,0.3183,,0.5257,0.5735,0.4016,0.3135,0.5762
2022,2022-09-12,DEN,0.6734,W,0.5653,0.4823,0.5143,0.2994,,0.4945,0.4148,0.4028,0.5244,0.4235
2022,2022-09-18,SF,0.4541,L,0.5653,0.4823,0.5534,0.2257,,0.4769,0.4800,0.4843,0.3053,0.3109
2022,2022-09-25,ATL,0.6734,L,0.5653,0.5177,0.5241,0.5548,,0.6268,0.6849,0.6784,0.6078,0.7803
2022,2022-10-02,DET,0.4541,W,0.5653,0.5177,0.5030,0.4033,,0.6236,0.7035,0.6373,0.4050,0.5864
2022,2022-10-09,NO,0.4541,L,0.5653,0.4823,0.5290,0.3157,,0.5421,0.5528,0.5567,0.3494,0.4561
2022,2022-10-16,ARI,0.6734,W,0.5653,0.5177,0.5121,0.4219,,0.5348,0.4427,0.5492,0.5414,0.5250
2022,2022-10-23,LAC,0.4541,W,0.5653,0.4823,0.5319,0.3157,,0.5143,0.5767,0.5447,0.3507,0.2754
2022,2022-10-30,NYG,0.6734,W,0.5653,0.4823,0.5481,0.6285,,0.5095,0.5123,0.5605,0.6568,0.5301
2022,2022-11-06,ARI,0.4541,W,0.5653,0.4823,0.5615,0.4595,,0.5216,0.4519,0.5246,0.4403,0.4556
2022,2022-11-13,TB,0.5714,L,0.5653,0.4823,0.5728,0.4219,,0.4753,0.5389,0.5277,0.4747,0.3828
2022,2022-11-27,LV,0.6734,L,0.5653,0.5177,0.5590,0.6635,,0.6167,0.6988,0.6533,0.6771,0.7851
2022,2022-12-04,LA,0.4541,W,0.5653,0.5177,0.5469,0.7572,,0.6570,0.7068,0.6912,0.6346,0.7554
2022,2022-12-11,CAR,0.6734,L,0.5653,0.4823,0.5571,0.6462,,0.5559,0.5832,0.5700,0.6669,0.6072
2022,2022-12-15,SF,0.6734,L,0.5653,0.5177,0.5465,0.4033,,0.6144,0.5094,0.5722,0.6242,0.5663
2022,2022-12-24,KC,0.4541,L,0.5653,0.5177,0.5372,0.1768,,0.5864,0.6266,0.6183,0.2828,0.5204
2022,2023-01-01,NYJ,0.6734,W,0.5653,0.5177,0.5287,0.4786,,0.5146,0.4955,0.6549,0.5723,0.5687
2022,2023-01-08,LA,0.6734,W,0.5653,0.4823,0.5378,0.7126,,0.4955,0.4249,0.4975,0.7091,0.5277
2022,2023-01-14,SF,0.4541,L,0.5653,0.4823,0.5460,0.1882,,0.4523,0.3688,0.3577,0.2575,0.2977
2023,2023-09-10,LA,0.6683,L,0.5625,0.5169,0.5432,0.6812,,0.5562,0.5566,0.5182,0.6973,0.8121
2023,2023-09-17,DET,0.4559,W,0.5625,0.5169,0.5120,0.3544,,0.5699,0.5453,0.6313,0.3937,0.2080
2023,2023-09-24,CAR,0.6683,W,0.5625,0.4831,0.5432,0.6974,,0.5587,0.5402,0.5408,0.7118,0.7120
2023,2023-10-02,NYG,0.4559,W,0.5625,0.4831,0.5653,0.6123,,0.4972,0.4402,0.3652,0.6164,0.5433
2023,2023-10-15,CIN,0.4559,L,0.5625,0.4831,0.5818,0.4077,,0.5443,0.5417,0.4661,0.3815,0.4168
2023,2023-10-22,ARI,0.6683,W,0.5625,0.5169,0.5605,0.8197,,0.7071,0.7204,0.6871,0.7905,0.9181
2023,2023-10-29,CLE,0.6683,W,0.5625,0.4831,0.5741,0.6646,,0.6040,0.6200,0.6069,0.6684,0.7053
2023,2023-11-05,BAL,0.4559,L,0.5625,0.4831,0.5852,0.3044,,0.5099,0.4835,0.5135,0.3054,0.3010
2023,2023-11-12,WAS,0.6683,W,0.5625,0.5169,0.5690,0.7282,,0.4853,0.4509,0.5904,0.7204,0.4145
2023,2023-11-19,LA,0.4559,L,0.5625,0.4831,0.5788,0.4261,,0.6230,0.6289,0.6785,0.4025,0.3397
2023,2023-11-23,SF,0.6683,L,0.5625,0.5169,0.5653,0.2734,,0.5901,0.5708,0.6668,0.4420,0.2858
2023,2023-11-30,DAL,0.4559,L,0.5625,0.5169,0.5536,0.2051,,0.6715,0.6155,0.6113,0.2972,0.3804
2023,2023-12-10,SF,0.4559,L,0.5625,0.5169,0.5432,0.1081,,0.5677,0.5101,0.6560,0.1681,0.2167
2023,2023-12-18,PHI,0.6683,W,0.5625,0.5169,0.5341,0.3373,,0.4878,0.3711,0.6014,0.4907,0.1419
2023,2023-12-24,TEN,0.4559,W,0.5625,0.4831,0.5432,0.6301,,0.4341,0.4021,0.4562,0.5646,0.3063
2023,2023-12-31,PIT,0.6683,L,0.5625,0.4831,0.5514,0.6812,,0.4989,0.5039,0.3502,0.6818,0.7794
2023,2024-01-07,ARI,0.4559,W,0.5625,0.5169,0.5432,0.6123,,0.4376,0.4236,0.5150,0.5508,0.3393
2024,2024-09-08,DEN,0.6667,W,0.5612,0.4826,0.5520,0.7464,,0.5225,0.5002,0.5932,0.7498,0.7241
2024,2024-09-15,NE,0.4554,W,0.5612,0.4826,0.5789,0.6501,,0.4904,0.4069,0.4790,0.5898,0.2916
2024,2024-09-22,MIA,0.6667,W,0.5612,0.4826,0.5965,0.6673,,0.5043,0.4833,0.4529,0.6489,0.5377
2024,2024-09-30,DET,0.4554,L,0.5612,0.4826,0.6090,0.3885,,0.5388,0.6873,0.5589,0.4775,0.7180
2024,2024-10-06,NYG,0.6667,L,0.5612,0.5174,0.5835,0.7606,,0.5873,0.6809,0.7122,0.7370,0.7699
2024,2024-10-10,SF,0.6667,L,0.5612,0.5174,0.5633,0.3885,,0.5738,0.7032,0.7189,0.4926,0.5893
2024,2024-10-20,ATL,0.4554,W,0.5612,0.5174,0.5470,0.4069,,0.5623,0.5495,0.6133,0.4061,0.3187
2024,2024-10-27,BUF,0.6667,L,0.5612,0.4826,0.5597,0.4069,,0.5213,0.5676,0.5527,0.4305,0.5314
2024,2024-11-03,LA,0.6667,L,0.5612,0.5174,0.5464,0.4633,,0.5264,0.5359,0.5044,0.5001,0.4912
2024,2024-11-17,SF,0.4554,W,0.5612,0.5174,0.5351,0.3022,,0.5721,0.6724,0.6413,0.3159,0.4726
2024,2024-11-24,ARI,0.6667,W,0.5612,0.4826,0.5460,0.4824,,0.5037,0.4964,0.5591,0.5148,0.4733
2024,2024-12-01,NYJ,0.4554,W,0.5612,0.4826,0.5554,0.4824,,0.4456,0.3294,0.3892,0.4614,0.1899
2024,2024-12-08,ARI,0.4554,W,0.5612,0.4826,0.5636,0.4069,,0.5109,0.4387,0.4134,0.3891,0.2913
2024,2024-12-15,GB,0.6667,L,0.5612,0.4826,0.5708,0.4069,,0.5367,0.4955,0.5602,0.4233,0.3540
2024,2024-12-22,MIN,0.6667,L,0.5612,0.5174,0.5614,0.4255,,0.5655,0.6537,0.6948,0.4481,0.5994
2024,2024-12-26,CHI,0.4554,W,0.5612,0.5174,0.5529,0.6501,,0.5737,0.6790,0.6723,0.6798,0.7261
2024,2025-01-05,LA,0.4554,W,0.5612,0.4826,0.5596,0.7743,1.0000,0.5741,0.6665,0.5555,0.7308,0.8209
2025,2025-09-07,SF,0.6533,L,0.5622,0.4888,0.5692,0.4290,,0.5273,0.5130,0.5247,0.4422,0.4421
2025,2025-09-14,PIT,0.4706,W,0.5622,0.5112,0.5380,0.3920,,0.5342,0.5043,0.5462,0.4178,0.3657
2025,2025-09-21,NO,0.6533,W,0.5622,0.4888,0.5615,0.7761,,0.5736,0.7182,0.6614,0.7598,0.8121
2025,2025-09-25,ARI,0.4706,W,0.5622,0.4888,0.5780,0.5807,,0.5172,0.4942,0.5244,0.5746,0.4807
2025,2025-10-05,TB,0.6533,L,0.5622,0.4888,0.5903,0.6528,,0.5132,0.5443,0.4811,0.6192,0.6699
2025,2025-10-12,JAX,0.4706,W,0.5622,0.5112,0.5709,0.5807,,0.5605,0.5799,0.6339,0.5376,0.5410
2025,2025-10-20,HOU,0.6533,W,0.5622,0.4888,0.5815,0.6353,,0.6050,0.6670,0.6385,0.6939,0.7796
2025,2025-11-02,WAS,0.4706,W,0.5622,0.4888,0.5902,0.6174,,0.5448,0.5634,0.5634,0.5655,0.4823
2025,2025-11-09,ARI,0.6533,W,0.5622,0.4888,0.5973,0.7625,,0.5477,0.5641,0.5564,0.7062,0.7103
2025,2025-11-16,LA,0.4706,L,0.5622,0.4888,0.6033,0.4103,,0.5567,0.5376,0.6429,0.3432,0.4129
2025,2025-11-23,TEN,0.4706,W,0.5622,0.5112,0.5901,0.8816,,0.5685,0.5849,0.6423,0.8277,0.6621
2025,2025-11-30,MIN,0.6533,W,0.5622,0.4888,0.5958,0.8816,,0.5658,0.6475,0.5986,0.8426,0.7355
2025,2025-12-07,ATL,0.4706,W,0.5622,0.4888,0.6008,0.7625,,0.5348,0.5445,0.6264,0.6969,0.5013
2025,2025-12-14,IND,0.6533,W,0.5622,0.4888,0.6052,0.8967,,0.5290,0.6015,0.5538,0.8521,0.7490
2025,2025-12-18,LA,0.6533,W,0.5622,0.4888,0.6091,0.5807,,0.5361,0.6905,0.6429,0.5974,0.6966
2025,2025-12-28,CAR,0.4706,W,0.5622,0.4888,0.6125,0.7484,1.0000,0.6071,0.7085,0.6182,0.6790,0.6774
2025,2026-01-03,SF,0.4706,W,0.5622,0.4888,0.6156,0.6174,,0.5246,0.6750,0.5834,0.5395,0.6843
2025,2026-01-17,SF,0.6533,W,0.5622,0.4888,0.6184,0.7484,,0.5494,0.6250,0.6539,0.6709,0.7333
2025,2026-01-25,LA,0.6533,W,0.5622,0.4888,0.6210,0.6174,,0.5878,0.6915,0.6515,0.5261,0.6800
2025,2026-02-08,NE,0.5000,W,0.5622,0.4888,0.6233,0.6866,,0.5555,0.4973,0.6515,0.5984,0.4396
